year_month,year,month,total_spending,transaction_count,average_transaction,largest_transaction,number_of_unique_merchants,weekend_spending,number_of_weekend_transactions,weekend_ratio,groceries_spending,dining_spending,transport_spending,shopping_spending,entertainment_spending,bills_spending,health_spending,travel_spending,food_spending,previous_month_spending,spending_2_months_ago,spending_3_months_ago,3_month_moving_average,6_month_moving_average,prev_food_spending,prev_shopping_spending,prev_transport_spending,prev_bills_spending
2023-01,2023,1,6556.63,128,51.22,504.09,77,1937.23,32,0.2955,2262.89,795.24,228.76,1100.2,147.8,475.94,338.18,1207.62,3058.13,,,,,,,,,
2023-02,2023,2,3929.44,95,41.36,189.49,65,711.8,17,0.1811,1202.34,506.39,284.52,646.44,168.69,675.53,246.85,198.68,1708.73,6556.63,,,,,3058.13,1100.2,228.76,475.94
2023-03,2023,3,5261.51,116,45.36,479.32,89,1321.82,29,0.2512,1981.52,1210.57,497.62,257.43,219.45,657.71,165.08,272.13,3192.09,3929.44,6556.63,,,,1708.73,646.44,284.52,675.53
2023-04,2023,4,6624.65,125,53.0,788.57,83,2582.26,29,0.3898,2218.93,634.02,438.19,1637.7,383.85,416.49,195.78,699.69,2852.95,5261.51,3929.44,6556.63,5249.193333333334,,3192.09,257.43,497.62,657.71
2023-05,2023,5,7105.62,137,51.87,862.93,88,1647.95,32,0.2319,2507.28,996.85,395.23,1829.78,180.06,417.27,245.72,533.43,3504.13,6624.65,5261.51,3929.44,5271.866666666667,,2852.95,1637.7,438.19,416.49
2023-06,2023,6,6066.44,125,48.53,516.64,82,1667.85,33,0.2749,1929.83,796.45,509.28,1289.47,117.31,711.14,171.32,541.64,2726.28,7105.62,6624.65,5261.51,6330.593333333333,,3504.13,1829.78,395.23,417.27
2023-07,2023,7,5712.34,128,44.63,253.4,79,1443.1,36,0.2526,1952.22,908.05,397.97,828.09,151.13,1019.0,202.48,253.4,2860.27,6066.44,7105.62,6624.65,6598.903333333333,5924.048333333333,2726.28,1289.47,509.28,711.14
2023-08,2023,8,6468.01,126,51.33,427.54,75,1827.31,29,0.2825,2325.7,957.54,475.42,933.33,138.71,617.87,93.62,925.82,3283.24,5712.34,6066.44,7105.62,6294.8,5783.333333333333,2860.27,828.09,397.97,1019.0
2023-09,2023,9,5515.77,112,49.25,456.74,80,1551.44,35,0.2813,1564.26,1396.64,420.69,733.83,175.37,1021.06,87.01,116.91,2960.9,6468.01,5712.34,6066.44,6082.263333333333,6206.428333333333,3283.24,933.33,475.42,617.87
2023-10,2023,10,6787.03,126,53.87,1342.05,77,1603.26,36,0.2362,2399.62,808.17,391.79,911.86,186.94,472.24,106.03,1510.38,3207.79,5515.77,6468.01,5712.34,5898.706666666668,6248.805,2960.9,733.83,420.69,1021.06
2023-11,2023,11,4346.76,105,41.4,332.46,70,1041.97,26,0.2397,1336.43,974.56,256.21,719.6,171.11,205.44,31.29,652.12,2310.99,6787.03,5515.77,6468.01,6256.936666666667,6275.868333333333,3207.79,911.86,391.79,472.24
2023-12,2023,12,7284.7,112,65.04,446.34,72,2687.82,34,0.369,2858.17,1681.59,286.29,1586.49,182.7,522.36,167.1,0.0,4539.76,4346.76,6787.03,5515.77,5549.8533333333335,5816.058333333333,2310.99,719.6,256.21,205.44
2024-01,2024,1,5343.36,123,43.44,133.21,84,1087.63,23,0.2035,2414.78,1143.77,373.64,646.42,295.46,203.68,265.61,0.0,3558.55,7284.7,4346.76,6787.03,6139.496666666666,6019.1016666666665,4539.76,1586.49,286.29,522.36
2024-02,2024,2,4834.98,112,43.17,243.68,67,1234.02,26,0.2552,2099.58,967.04,386.86,625.58,193.81,459.3,102.81,0.0,3066.62,5343.36,7284.7,4346.76,5658.2733333333335,5957.6050000000005,3558.55,646.42,373.64,203.68
2024-03,2024,3,4743.17,107,44.33,147.55,72,2038.61,44,0.4298,1929.56,601.71,394.21,894.3,195.59,386.05,341.75,0.0,2531.27,4834.98,5343.36,7284.7,5821.013333333332,5685.433333333333,3066.62,625.58,386.86,459.3
2024-04,2024,4,5195.89,119,43.66,188.36,82,1400.75,27,0.2696,2202.23,956.12,530.72,815.48,251.9,239.08,12.0,188.36,3158.35,4743.17,4834.98,5343.36,4973.836666666666,5556.666666666667,2531.27,894.3,394.21,386.05
2024-05,2024,5,4158.45,107,38.86,150.35,73,966.15,26,0.2323,1622.42,834.47,443.24,474.73,288.53,338.86,118.18,38.02,2456.89,5195.89,4743.17,4834.98,4924.679999999999,5291.4766666666665,3158.35,815.48,530.72,239.08
2024-06,2024,6,4487.82,115,39.02,213.76,74,1700.89,45,0.379,1783.0,570.18,419.5,932.65,304.75,92.52,171.46,213.76,2353.18,4158.45,5195.89,4743.17,4699.170000000001,5260.091666666666,2456.89,474.73,443.24,338.86
2024-07,2024,7,6811.67,130,52.4,938.71,84,1771.7,38,0.2601,2348.65,832.01,252.54,1746.12,260.72,513.43,279.26,578.94,3180.66,4487.82,4158.45,5195.89,4614.053333333333,4793.945,2353.18,932.65,419.5,92.52
2024-08,2024,8,4817.72,108,44.61,643.01,74,1479.9,34,0.3072,1601.67,843.23,262.97,1332.36,246.93,465.04,65.52,0.0,2444.9,6811.67,4487.82,4158.45,5152.6466666666665,5038.663333333333,3180.66,1746.12,252.54,513.43
2024-09,2024,9,4945.33,108,45.79,154.27,77,1466.83,33,0.2966,2126.96,683.71,369.3,942.31,130.35,139.25,153.04,400.41,2810.67,4817.72,6811.67,4487.82,5372.403333333333,5035.786666666667,2444.9,1332.36,262.97,465.04
2024-10,2024,10,4502.92,102,44.15,172.71,70,1238.84,27,0.2751,1632.46,745.82,395.48,1107.24,306.51,217.69,72.72,25.0,2378.28,4945.33,4817.72,6811.67,5524.906666666667,5069.48,2810.67,942.31,369.3,139.25
2024-11,2024,11,5679.61,120,47.33,523.76,80,1815.9,38,0.3197,1784.07,1117.25,210.71,1211.02,293.62,278.43,147.98,636.53,2901.32,4502.92,4945.33,4817.72,4755.323333333334,4953.985,2378.28,1107.24,395.48,217.69
2024-12,2024,12,5599.24,110,50.9,223.4,70,1773.12,31,0.3167,2497.02,1164.9,334.98,755.95,249.79,355.54,17.66,223.4,3661.92,5679.61,4502.92,4945.33,5042.62,5207.511666666666,2901.32,1211.02,210.71,278.43
2025-01,2025,1,4183.5,95,44.04,198.66,63,1114.79,25,0.2665,1592.35,398.21,210.97,865.42,228.86,764.62,123.07,0.0,1990.56,5599.24,5679.61,4502.92,5260.59,5392.748333333333,3661.92,755.95,334.98,355.54
2025-02,2025,2,6020.37,119,50.59,375.1,83,1930.58,44,0.3207,2609.82,552.12,237.17,666.05,200.4,379.65,131.91,1243.25,3161.94,4183.5,5599.24,5679.61,5154.116666666666,4954.72,1990.56,865.42,210.97,764.62
2025-03,2025,3,7550.86,142,53.18,1132.39,88,2632.17,52,0.3486,1997.6,809.84,340.5,1743.19,232.61,237.52,152.68,2036.92,2807.44,6020.37,4183.5,5599.24,5267.703333333333,5155.161666666667,3161.94,666.05,237.17,379.65
2025-04,2025,4,5368.01,126,42.6,292.99,78,1254.76,31,0.2337,2067.47,826.47,204.64,750.15,123.71,676.35,147.95,571.27,2893.94,7550.86,6020.37,4183.5,5918.243333333333,5589.416666666667,2807.44,1743.19,340.5,237.52
2025-05,2025,5,5726.09,134,42.73,186.47,90,1677.01,45,0.2929,2187.59,881.12,438.59,769.93,243.08,362.65,186.15,656.98,3068.71,5368.01,7550.86,6020.37,6313.079999999999,5733.598333333332,2893.94,750.15,204.64,676.35
2025-06,2025,6,6216.59,134,46.39,438.35,93,2193.56,42,0.3529,2038.18,1157.69,511.42,546.93,235.74,569.5,188.67,968.46,3195.87,5726.09,5368.01,7550.86,6214.986666666667,5741.345,3068.71,769.93,438.59,362.65
